concert_total_seat,created_at,id,updated_at,concert_name
5000000,2025-04-05 05:15:48,1,2025-03-22 10:28:56,Concert_1
5000000,2025-03-27 06:50:13,2,2025-04-07 17:07:37,Concert_2
5000000,2025-04-15 05:42:02,3,2025-03-30 01:40:37,Concert_3
5000000,2025-04-14 20:56:42,4,2025-04-15 05:50:18,Concert_4
5000000,2025-03-29 14:43:27,5,2025-03-22 15:20:50,Concert_5
5000000,2025-03-27 01:28:20,6,2025-03-25 09:55:40,Concert_6
5000000,2025-03-23 21:45:41,7,2025-04-02 13:18:20,Concert_7
5000000,2025-04-10 12:09:26,8,2025-04-06 04:19:40,Concert_8
5000000,2025-04-12 07:56:10,9,2025-03-25 08:16:57,Concert_9
5000000,2025-04-20 06:12:29,10,2025-04-01 23:10:43,Concert_10
